"Street.Address","Postal.City","lotSqFt","list.Price.Num","houseSizeSqFt","breakEvenBuildCost","profitPercentOfInvestment"
"6 Bergesen Court","Atherton"," 50160"," 5895000","10783.150","884.1496","0.7959841361"
"425 Oregon Avenue","Palo Alto","  7150"," 2358000"," 3964.961","880.5367","0.7464538393"
"375 Walsh Road","Atherton"," 45150"," 4988000","10048.800","860.3696","0.8177757810"
"672 Partridge Avenue","Menlo Park","  8460"," 1298000"," 2968.500","790.1177","0.7859025141"
"349 Fletcher Drive","Atherton"," 42253"," 5950000"," 9873.029","754.0953","0.5912088150"
"17320 Stevens Canyon Road","Cupertino"," 88426","  519000"," 4134.250","713.9790","1.2355090986"
"797 Live Oak Avenue","Menlo Park","  7345"," 1775000"," 2968.500","629.4305","0.4474705732"
"14486 Liddicoat Circle","Los Altos Hills"," 48351"," 2100000"," 5321.350","619.4278","0.5730790326"
"84 Edge Road","Atherton"," 45770"," 4985000"," 6436.500","615.8217","0.3570771653"
"921 Elsinore Drive","Palo Alto","  9462"," 2288000"," 2776.400","610.6220","0.3357469264"
"120 Selby Lane","Atherton"," 87120"," 8999500","10783.150","596.2467","0.3192423073"
"1350 Elder Avenue","Menlo Park"," 10500"," 2995000"," 4180.000","484.8828","0.2430223309"
"1833 Edgewood Drive","Palo Alto","  9030"," 2695000"," 2776.400","464.0293","0.1753359031"
"91 Belleau Avenue","Atherton"," 14896"," 2298000"," 4077.500","463.4758","0.2623904768"
"150 Back Road","La Honda","260140","  549000"," 1898.750","458.5095","0.3867463000"
"1319 Westridge Drive","Portola Valley"," 49223"," 3350000"," 5142.000","458.3025","0.2310627980"
"1017 Miller Avenue","San Jose","  6300"," 1100000"," 2391.931","453.2261","0.2862826205"
"24130 Big Basin Way","Saratoga","487872"," 1698000"," 4134.250","428.8003","0.2706162114"
"65 Selby Lane","Atherton"," 40075","10800000","10656.864","417.4046","0.1324999393"
"151 Almendral Avenue","Atherton"," 43320","10980000","10783.150","412.5806","0.1281922936"
"24925 Oneonta Drive","Los Altos Hills"," 43240"," 2998000"," 4935.538","406.6332","0.1826772940"
"22541 Mount Eden Road","Saratoga"," 15638"," 1798000"," 4117.618","402.8554","0.2226070199"
"267 Alba Court","Los Altos"," 10472"," 2598000"," 3233.693","395.8156","0.1384217252"
"216 Victoria Road","Burlingame","  6250"," 1250000"," 2357.450","394.7744","0.1855526144"
"1266 Altschul Avenue","Menlo Park","  8208"," 2195000"," 3131.000","392.2285","0.1495482590"
"355 Lloyden Park Lane","Atherton"," 11718"," 2598000"," 4077.500","389.9013","0.1576965639"
"668 Partridge Avenue","Menlo Park","  8460"," 2498000"," 2968.500","385.8731","0.1244826562"
"755 Lakewood Drive","Sunnyvale","  5512","  849900"," 1884.102","384.5918","0.1919750011"
"579 Mariposa Avenue","Mountain View","  4750"," 1200000"," 1787.259","379.4282","0.1404661368"
"2104 Coronet Boulevard","Belmont","  8236"," 1090000"," 2676.800","377.0971","0.1933910142"
"27408 Deer Springs Way","Los Altos Hills"," 69721"," 3395000"," 5321.350","376.0685","0.1419696468"
"1065 Deanna Drive","Menlo Park"," 10050"," 2498000"," 3852.735","374.3718","0.1384415029"
"5021 Lassen Avenue","San Jose","  6798"," 1395000"," 2581.008","372.6190","0.1551184119"
"752 S El Monte Avenue","Los Altos","  9375"," 2395000"," 2894.946","371.9275","0.1131783514"
"3783 Starr King Circle","Palo Alto","  8550"," 1998000"," 2200.000","368.9880","0.1027369261"
"1360 Elder Avenue","Menlo Park","  9975"," 3495000"," 4180.000","365.2656","0.1061255984"
"4598 Elmhurst Drive","San Jose","  6000"," 1248000"," 2278.030","365.2637","0.1444694294"
"4675 Borina Drive","San Jose","  6000"," 1250000"," 2278.030","364.3858","0.1432114302"
"710 Lakebird Drive","Sunnyvale","  5720","  928000"," 1955.200","361.0503","0.1532507032"
"6034 Countess Drive","San Jose","  7490"," 1500000"," 2700.200","357.5911","0.1335682257"
"25561 Big Basin","Saratoga","435600"," 1998000"," 4134.250","356.2357","0.1448774666"
"1124 Pecos Way","Sunnyvale","  5775","  949000"," 1974.000","354.9323","0.1435954380"
"2361 Fruitdale Avenue","San Jose","  8100","  685000"," 2238.700","353.2938","0.1857865674"
"1089 Del Cambre Drive","San Jose","  6000"," 1278000"," 2278.030","352.0945","0.1258854273"
"193 Westhill Drive","Los Gatos"," 15750"," 1695000"," 3750.750","351.1024","0.1440391006"
"328 Jardin","Los Altos","  6425"," 1698000"," 1984.003","343.3859","0.0844474670"
"1058 Montgomery Street","San Carlos","  5000","  849000"," 1661.998","336.5023","0.1136945602"
"1533 Topar Avenue","Los Altos"," 14100"," 2495000"," 3960.100","334.4153","0.0959226940"
"2613 Monserat Avenue","Belmont","  5350"," 1050000"," 2328.341","333.3348","0.1188858384"
"155 Willowbrook Drive","Portola Valley"," 48643"," 3995000"," 5142.000","332.8650","0.0806915254"
"225 Golden Oak Drive","Portola Valley"," 43560"," 3995000"," 5142.000","332.8650","0.0806915254"
"20 Cordova Court","Portola Valley"," 58806"," 3998000"," 5142.000","332.2815","0.0800779029"
"654 Willis Avenue","San Jose","  5800","  695000"," 2421.047","327.1709","0.1436897581"
"687 Florales Drive","Palo Alto","  8235"," 2588000"," 2667.900","322.2331","0.0592050041"
"15040 Montebello Road","Cupertino"," 73468"," 1599000"," 2700.200","320.9272","0.0842187152"
"35 Sugar Hill Drive","Hillsborough"," 30750"," 3890000"," 6431.550","314.6607","0.0756414569"
"1106 76th Avenue","Oakland","  4185","  310000"," 1716.694","313.0600","0.1464536940"
"640 San Diego Avenue","Sunnyvale","  6850"," 1088000"," 2076.000","311.5973","0.0795743567"
"2539 Moraine Drive","Santa Clara","  5300","  649000"," 1677.827","310.4976","0.0950011018"
"20375 Clifden Way","Cupertino","  7700"," 1628000"," 2700.200","310.1872","0.0705662357"
"1020 Rio Vista Drive","Pacifica","  5460","  625000"," 1707.752","304.6948","0.0887934337"
"344 Jerome Street","San Jose","  5400","  699999"," 2254.078","303.6890","0.0957794675"
"219 Carmelita Drive","Mountain View"," 10799"," 1999000"," 3051.000","303.3483","0.0589356658"
"15545 Swiss Creek Lane","Cupertino","435164"," 1649999"," 2700.200","302.0401","0.0604368206"
"4604 Winding Way","San Jose","  6000"," 1398888"," 2278.030","299.0276","0.0567397508"
"2908 E 16th Street","Oakland","  5616","  449000"," 2303.692","298.7352","0.1095407045"
"863 Ironwood Drive","San Jose","  6000","  799500"," 2504.531","295.0154","0.0790823326"
"1785 Croner Avenue","Menlo Park","  8778"," 2500000"," 3131.000","294.8155","0.0427438362"
"227 Plaza La Posada","Los Gatos"," 10070"," 1778000"," 3445.822","287.0248","0.0483360648"
"585 Maple Avenue","Sunnyvale","  5184","  975000"," 1771.985","285.4518","0.0443020324"
"1564 Camino Monde","San Jose","  7200","  875000"," 2652.600","284.3718","0.0592754353"
"13855 Saratoga Avenue","Saratoga"," 13600"," 1999000"," 3580.995","281.2909","0.0387156169"
"146 E Portola Avenue","Los Altos"," 11640"," 3300000"," 3594.364","281.1276","0.0266479451"
"560 Wurr Road","Loma Mar"," 98707","  899000"," 1898.750","274.1777","0.0334190658"
"27596 La Porte Avenue","Hayward","  5800","  525000"," 2379.169","272.9744","0.0488126259"
"28 Sneckner Court","Menlo Park"," 10890"," 2998000"," 4537.050","271.8727","0.0240152943"
"133 Madera Avenue","San Carlos","  7095"," 1550000"," 2929.000","270.6485","0.0264999211"
"113 Oakview Drive","San Carlos","  7500"," 1550000"," 2265.100","265.7226","0.0168282910"
"1019 SEPTEMBER Drive","Cupertino","  7168"," 1750000"," 2700.200","265.0054","0.0167079315"
"20867 Verde Moor Court","Saratoga"," 15748"," 2380000"," 4134.250","263.8369","0.0167581800"
"369 Jerome Street","San Jose","  5400","  799000"," 2254.078","259.7681","0.0161598631"
"1389 Munro Avenue","Campbell","  7380","  895000"," 2238.700","259.4894","0.0146038777"
"3305 Cadillac Drive","San Jose","  7630","  899000"," 2238.700","257.7026","0.0118216161"
"132 Abelia Way","East Palo Alto","  5000","  599999"," 1675.158","256.6130","0.0108734800"
"603 Bernal Avenue","Sunnyvale","  6032"," 1199999"," 2061.847","253.6802","0.0044232969"
"300 Baltimore Way","San Francisco","  2997","  780000"," 2240.500","253.3956","0.0056768892"
"4399 Pescadero Creek Road","Pescadero","161172"," 1499000"," 3032.000","253.2539","0.0043712372"
"115 Chukker Court","San Mateo","  5580"," 1150000"," 2218.050","253.0126","0.0039202279"
"1041 Cherry Street","San Carlos","  5000","  988000"," 1661.998","252.8681","0.0033963034"
"1508 Winding Way","Belmont","  6624"," 1349000"," 2520.350","250.1532","0.0001951249"
